mtry,pred,obs,rowIndex,Resample
2,0.49118833333333406,0.45,367,Fold1
2,0.41739783333333313,0.39,363,Fold1
2,0.5566923333333331,0.87,1,Fold1
2,0.5140156666666662,0.67,4,Fold1
2,0.39411100000000004,0.34,371,Fold1
2,0.4618462857142852,0.24,381,Fold1
2,0.468567666666667,0.4,469,Fold1
2,0.5122857142857146,0.43,473,Fold1
2,0.5907086666666667,0.48,481,Fold1
2,0.6203446666666664,0.61,486,Fold1
2,0.5016038571428572,0.93,19,Fold2
2,0.39377666666666666,0.65,24,Fold2
2,0.612695666666666,0.75,29,Fold2
2,0.4850996666666665,0.6,5,Fold1
2,0.4206963333333334,0.79,7,Fold1
2,0.5692741904761898,0.79,14,Fold1
2,0.5825033333333333,0.5,387,Fold1
2,0.49086399999999997,0.56,398,Fold1
2,0.4912763333333333,0.53,402,Fold1
2,0.6263507142857146,0.8,10,Fold2
2,0.5703376666666669,0.78,11,Fold2
2,0.5505243333333326,0.87,12,Fold2
2,0.6438873333333334,0.82,13,Fold2
2,0.5245650000000002,0.55,730,Fold1
2,0.5461643333333328,0.68,739,Fold1
2,0.50277,0.51,752,Fold1
2,0.4721886666666665,0.4,758,Fold1
2,0.4470787619047621,0.46,763,Fold1
2,0.4772169047619044,0.46,765,Fold1
2,0.4499308095238094,0.36,775,Fold1
2,0.5422783809523809,0.34,776,Fold1
2,0.47959566666666664,0.35,788,Fold1
2,0.519353166666667,0.59,791,Fold1
2,0.5059230259740259,0.41,247,Fold1
2,0.5584609999999999,0.74,249,Fold1
2,0.5201609999999995,0.59,250,Fold1
2,0.5711946666666665,0.62,251,Fold1
2,0.5764986349206351,0.35,267,Fold1
2,0.6101813333333329,0.78,286,Fold1
2,0.5990856666666675,0.74,290,Fold1
2,0.4095380000000003,0.48,295,Fold1
2,0.4071286666666661,0.31,296,Fold1
2,0.38331133333333334,0.51,310,Fold1
2,0.4418133333333334,0.48,316,Fold1
2,0.3273046666666663,0.48,323,Fold1
2,0.5234986190476193,0.58,326,Fold1
2,0.41856033333333387,0.54,327,Fold1
2,0.5876193333333333,0.78,333,Fold1
2,0.5400400000000003,0.77,337,Fold1
2,0.7506913333333326,0.79,341,Fold1
2,0.5439699999999994,0.66,342,Fold1
2,0.5157773333333335,0.24,350,Fold1
2,0.3981176666666668,0.29,354,Fold1
2,0.4542193333333336,0.42,356,Fold1
2,0.609399619047618,0.58,329,Fold2
2,0.5009629999999999,0.78,332,Fold2
2,0.5748453015873012,0.52,338,Fold2
2,0.5365553809523815,0.92,343,Fold2
2,0.5000095238095232,0.44,352,Fold2
2,0.5192576666666668,0.35,353,Fold2
2,0.5078473333333329,0.25,364,Fold2
2,0.47106900000000074,0.39,415,Fold1
2,0.47476000000000007,0.12,417,Fold1
2,0.41953100000000093,0.27,421,Fold1
2,0.5185756666666673,0.39,423,Fold1
2,0.5426416666666674,0.78,431,Fold1
2,0.45318533333333344,0.57,439,Fold1
2,0.5012756666666672,0.37,441,Fold1
2,0.5439797142857143,0.48,445,Fold1
2,0.6188161904761909,0.46,448,Fold1
2,0.4963324761904761,0.65,450,Fold1
2,0.5621720000000002,0.41,456,Fold1
2,0.4911984285714288,0.43,457,Fold1
2,0.5548269047619044,0.65,465,Fold1
2,0.5124350000000004,0.45,468,Fold1
2,0.5692796666666667,0.77,440,Fold2
2,0.5572586190476193,0.33,444,Fold2
2,0.5809433333333334,0.37,451,Fold2
2,0.5445590000000002,0.43,452,Fold2
2,0.4796770952380955,0.69,453,Fold2
2,0.5211513333333337,0.69,455,Fold2
2,0.6813610000000009,0.69,459,Fold2
2,0.6388626666666671,0.62,461,Fold2
2,0.5926159999999998,0.77,462,Fold2
2,0.5583874285714283,0.46,475,Fold2
2,0.5676276666666664,0.54,483,Fold2
2,0.48296846031746044,0.55,484,Fold2
2,0.567793,0.48,491,Fold2
2,0.6259615555555551,0.44,494,Fold2
2,0.4824228571428572,0.7,501,Fold2
2,0.4830563333333327,0.75,507,Fold2
2,0.5484323333333336,0.69,509,Fold2
2,0.45258433333333337,0.58,522,Fold2
2,0.5464079999999999,0.78,530,Fold2
2,0.479735333333333,0.28,532,Fold2
2,0.5853203333333333,0.56,551,Fold2
2,0.5125799999999997,0.56,553,Fold2
2,0.4756236666666667,0.56,555,Fold2
2,0.5397970000000004,0.49,560,Fold2
2,0.5023998571428572,0.74,21,Fold1
2,0.44076566666666656,0.52,22,Fold1
2,0.6577090476190469,0.78,26,Fold1
2,0.503238333333333,0.74,32,Fold1
2,0.3966958333333331,0.78,47,Fold1
2,0.6316984761904761,0.67,57,Fold1
2,0.5703216666666667,0.33,59,Fold1
2,0.4724029999999992,0.79,64,Fold1
2,0.581255428571428,0.49,65,Fold1
2,0.4562046666666664,0.63,66,Fold1
2,0.6243239999999997,0.55,67,Fold1
2,0.49435166666666663,0.75,71,Fold1
2,0.6012455555555548,0.43,80,Fold1
2,0.5595053333333332,0.43,91,Fold1
2,0.5256550000000002,0.59,94,Fold1
2,0.6012455555555548,0.61,97,Fold1
2,0.5307849999999995,0.52,99,Fold1
2,0.5108293333333335,0.51,103,Fold1
2,0.5983383333333335,0.51,104,Fold1
2,0.5184553333333336,0.74,105,Fold1
2,0.5451033333333332,0.54,106,Fold1
2,0.5037458571428572,0.48,114,Fold1
2,0.6091890000000004,0.44,117,Fold1
2,0.5205281904761909,0.66,121,Fold1
2,0.7040584761904771,0.64,126,Fold1
2,0.47579519047619023,0.69,128,Fold1
2,0.6350079999999999,0.74,131,Fold1
2,0.4881210000000002,0.67,136,Fold1
2,0.19761233333333336,0,141,Fold1
2,0.4095811666666668,0.46,144,Fold1
2,0.2373323333333332,0,145,Fold1
2,0.27482566666666663,0.11,147,Fold1
2,0.19441699999999995,0.11,148,Fold1
2,0.5197993333333333,0.66,158,Fold1
2,0.2195183333333335,0.14,162,Fold1
2,0.4173890000000002,0.44,165,Fold1
2,0.3081149999999997,0.41,177,Fold1
2,0.3717448333333339,0.6,179,Fold1
2,0.4493460000000002,0.3,182,Fold1
2,0.3998100000000003,0.52,186,Fold1
2,0.4870353333333336,0.65,191,Fold1
2,0.4460823333333337,0.46,193,Fold1
2,0.3843041666666672,0.08,195,Fold1
2,0.3715663333333339,0.51,201,Fold1
2,0.4538156666666669,0.97,202,Fold1
2,0.5283192857142862,0.67,217,Fold1
2,0.5578229783549784,0.51,221,Fold1
2,0.4798794285714282,0.66,224,Fold1
2,0.5404113333333331,0.29,225,Fold1
2,0.5074980952380946,0.26,228,Fold1
2,0.5353910000000002,0.57,231,Fold1
2,0.48695509523809527,0.37,232,Fold1
2,0.5578552857142849,0.36,233,Fold1
2,0.6363569999999994,0.44,236,Fold1
2,0.5651734285714288,0.36,240,Fold1
2,0.5434831904761905,0.66,246,Fold1
2,0.4489893333333333,0.44,799,Fold2
2,0.49737199999999965,0.45,807,Fold2
2,0.4946663333333339,0.32,810,Fold2
2,0.5547461904761906,0.41,827,Fold2
2,0.5270769999999998,0.43,829,Fold2
2,0.514718904761905,0.51,838,Fold2
2,0.5728099999999999,0.57,841,Fold2
2,0.3892893333333328,0.32,845,Fold2
2,0.41945166666666694,0.44,851,Fold2
2,0.3961403333333334,0.41,853,Fold2
2,0.42469200000000024,0.36,856,Fold2
2,0.6314030000000006,0.49,858,Fold2
2,0.5431780000000002,0.61,874,Fold2
2,0.4576043333333329,0.57,876,Fold2
2,0.47216171428571424,0.57,877,Fold2
2,0.3991563333333336,0.44,883,Fold2
2,0.42072642857142845,0.57,885,Fold2
2,0.5354200000000001,0.35,888,Fold2
2,0.5003994444444443,0.48,897,Fold2
2,0.48659638095238195,0.72,901,Fold2
2,0.4512400476190471,0.63,910,Fold2
2,0.5920326666666661,0.52,919,Fold2
2,0.5167755238095234,0.31,923,Fold2
2,0.4331023333333331,0.13,924,Fold2
2,0.44724999999999987,0.46,925,Fold2
2,0.38667266666666655,0.46,930,Fold2
2,0.41962866666666604,0.6,935,Fold2
2,0.48539566666666634,0.34,365,Fold2
2,0.40282999999999974,0.35,370,Fold2
2,0.5761760000000001,0.41,374,Fold2
2,0.5089986666666673,0.53,379,Fold2
2,0.5155489999999991,0.57,383,Fold2
2,0.5210799999999992,0.42,384,Fold2
2,0.5462593333333338,0.57,393,Fold2
2,0.48884104761904745,0.5,400,Fold2
2,0.5000883333333336,0.27,412,Fold2
2,0.47832500000000017,0.27,416,Fold2
2,0.5423380000000005,0.43,418,Fold2
2,0.4099256060606062,0.62,426,Fold2
2,0.4875250000000001,0.66,427,Fold2
2,0.45632760606060624,0.46,433,Fold2
2,0.5071266666666671,0.5,1026,Fold2
2,0.4793216666666668,0.38,1030,Fold2
2,0.49118966666666747,0.46,1036,Fold2
2,0.6789659999999997,0.35,1042,Fold2
2,0.6261923333333339,0.67,1043,Fold2
2,0.47527033333333324,0.78,488,Fold1
2,0.6278773333333338,0.58,502,Fold1
2,0.5889423333333329,0.43,503,Fold1
2,0.3914419999999999,0.4,508,Fold1
2,0.48625800000000013,0.68,510,Fold1
2,0.49573376190476204,0.68,529,Fold1
2,0.5722413333333336,0.55,533,Fold1
2,0.5559826666666673,0.61,537,Fold1
2,0.6973156666666654,0.58,538,Fold1
2,0.5041543809523805,0.35,542,Fold1
2,0.49219219047618984,0.72,547,Fold1
2,0.5151750000000003,0.43,548,Fold1
2,0.5134455555555558,0.4,549,Fold1
2,0.5024559999999997,0.52,554,Fold1
2,0.49153433333333363,0.42,557,Fold1
2,0.6003013333333329,0.77,567,Fold1
2,0.6316804761904756,0.64,571,Fold1
2,0.5331183333333332,0.78,576,Fold1
2,0.479477666666667,0.63,577,Fold1
2,0.6784583333333334,0.82,579,Fold1
2,0.6336882380952379,0.84,581,Fold1
2,0.629896666666667,0.72,584,Fold1
2,0.6435776666666666,0.37,587,Fold1
2,0.6296125555555553,0.72,589,Fold1
2,0.4166132857142862,0.45,595,Fold1
2,0.4880566666666673,0.48,598,Fold1
2,0.48664200000000024,0.42,601,Fold1
2,0.537909692640693,0.78,614,Fold1
2,0.5329088571428571,0.57,617,Fold1
2,0.560536761904762,0.68,621,Fold1
2,0.5536638571428572,0.22,634,Fold1
2,0.5426329999999998,0.44,636,Fold1
2,0.5480100555555554,0.25,637,Fold1
2,0.5844786666666667,0.64,640,Fold1
2,0.6050745000000004,0.58,641,Fold1
2,0.5459770000000012,0.6,646,Fold1
2,0.6312322380952383,0.81,647,Fold1
2,0.45846766666666633,0.39,653,Fold1
2,0.5163047142857142,0.51,654,Fold1
2,0.4745411746031746,0.44,661,Fold1
2,0.4563843333333335,0.49,675,Fold1
2,0.45316599999999957,0.47,676,Fold1
2,0.43428288888888833,0.54,684,Fold1
2,0.48204566666666676,0.41,689,Fold1
2,0.5590931428571416,0.34,690,Fold1
2,0.6374409999999996,0.5,700,Fold1
2,0.4836093333333334,0.47,704,Fold1
2,0.4933713333333343,0.61,706,Fold1
2,0.48697766666666753,0.58,707,Fold1
2,0.498876,0.69,709,Fold1
2,0.5127516666666666,0.33,723,Fold1
2,0.48721200000000064,0.56,726,Fold1
2,0.6471906666666665,0.78,3,Fold3
2,0.44108200000000025,0.87,9,Fold3
2,0.4686319999999998,0.64,20,Fold3
2,0.5170473333333334,0.62,23,Fold3
2,0.4410580000000004,0.74,25,Fold3
2,0.5779429999999998,0.73,27,Fold3
2,0.45819299999999974,0.77,28,Fold3
2,0.6156296666666674,0.8,30,Fold3
2,0.6025406666666664,0.46,33,Fold3
2,0.5903651111111108,0.71,36,Fold3
2,0.4600870000000006,0.37,795,Fold1
2,0.41184200000000043,0.32,802,Fold1
2,0.5402476666666669,0.49,805,Fold1
2,0.5589159999999995,0.04,812,Fold1
2,0.5651790476190481,0.21,818,Fold1
2,0.4636509999999998,0.46,828,Fold1
2,0.5123733571428575,0.32,835,Fold1
2,0.5080660000000007,0.46,842,Fold1
2,0.44288057142857146,0.46,847,Fold1
2,0.5401879047619045,0.5,850,Fold1
2,0.4850064761904757,0.5,852,Fold1
2,0.4827763333333336,0.44,863,Fold1
2,0.5641136507936512,0.63,870,Fold1
2,0.4834113333333329,0.23,872,Fold1
2,0.5168647142857141,0.52,889,Fold1
2,0.4258849999999995,0.21,892,Fold1
2,0.39850699999999983,0.45,899,Fold1
2,0.5709907142857141,0.5,900,Fold1
2,0.5078214285714285,0.26,902,Fold1
2,0.47199599999999986,0.62,908,Fold1
2,0.5365589999999995,0.36,913,Fold1
2,0.5061936666666673,0.39,931,Fold1
2,0.44133599999999956,0.21,936,Fold1
2,0.4783276666666672,0.41,945,Fold1
2,0.5260926666666665,0.74,949,Fold1
2,0.6923706190476183,0.78,958,Fold1
2,0.622453317460317,0.78,963,Fold1
2,0.5546457936507933,0.81,964,Fold1
2,0.6546904285714282,0.8,965,Fold1
2,0.5959036904761903,0.54,969,Fold1
2,0.5907234285714283,0.6,972,Fold1
2,0.7378266666666652,0.77,984,Fold1
2,0.6466676666666663,0.78,985,Fold1
2,0.5832453333333325,0.83,999,Fold1
2,0.43682766666666645,0.5,1016,Fold1
2,0.455861909090909,0.52,1019,Fold1
2,0.46508783333333314,0.5,1020,Fold1
2,0.47684452380952336,0.5,1025,Fold1
2,0.5040420000000001,0.5,1033,Fold1
2,0.592071,0.34,1040,Fold1
2,0.45177933333333337,0.48,937,Fold2
2,0.45148833333333355,0.64,950,Fold2
2,0.5963306666666665,0.66,968,Fold2
2,0.5310626666666668,0.55,975,Fold2
2,0.6830099999999987,0.78,976,Fold2
2,0.6736816666666658,0.5,978,Fold2
2,0.8043383333333343,0.82,980,Fold2
2,0.6240319999999998,0.8,983,Fold2
2,0.8118010000000008,0.83,988,Fold2
2,0.5864393333333329,0.78,997,Fold2
2,0.6496659047619056,0.84,1000,Fold2
2,0.6893073333333325,0.44,1003,Fold2
2,0.7219443333333323,0.47,1006,Fold2
2,0.4969243333333337,0.56,1011,Fold2
2,0.5024711428571434,0.45,339,Fold3
2,0.6019669999999998,0.57,344,Fold3
2,0.5467363333333335,0.84,345,Fold3
2,0.5711106666666665,0.57,349,Fold3
2,0.39389300000000005,0.34,355,Fold3
2,0.40735033333333365,0.24,360,Fold3
2,0.4348953333333339,0.43,362,Fold3
2,0.4126643333333334,0.41,366,Fold3
2,0.40376233333333356,0.43,369,Fold3
2,0.6023781111111108,0.46,372,Fold3
2,0.5692696666666666,0.5,376,Fold3
2,0.5492340000000001,0.66,377,Fold3
2,0.5225116666666662,0.1,380,Fold3
2,0.46727799999999964,0.15,392,Fold3
2,0.4964747619047621,0.28,394,Fold3
2,0.4745736666666652,0.59,397,Fold3
2,0.5397153333333324,0.32,399,Fold3
2,0.523631666666667,0.44,406,Fold3
2,0.48180666666666616,0.5,413,Fold3
2,0.5129326666666666,0.45,422,Fold3
2,0.5268936666666667,0.22,424,Fold3
2,0.5635735238095239,0.65,430,Fold3
2,0.5672226666666672,0.7,436,Fold3
2,0.542745,0.76,442,Fold3
2,0.5053856666666668,0.75,447,Fold3
2,0.5614493333333337,0.79,449,Fold3
2,0.5401216666666663,0.73,464,Fold3
2,0.5117511904761908,0.5,471,Fold3
2,0.5632366190476189,0.4,479,Fold3
2,0.5632366190476189,0.43,482,Fold3
2,0.5932917619047621,0.65,487,Fold3
2,0.5668589523809536,0.67,490,Fold3
2,0.5284226666666666,0.68,493,Fold3
2,0.4994366666666669,0.36,496,Fold3
2,0.4994366666666669,0.39,497,Fold3
2,0.5317706666666668,0.67,498,Fold3
2,0.5405176666666678,0.35,499,Fold3
2,0.540044333333333,0.34,504,Fold3
2,0.5035709999999995,0.54,517,Fold3
2,0.48155999999999977,0.57,518,Fold3
2,0.49758347619047644,0.61,521,Fold3
2,0.49726299999999996,0.74,526,Fold3
2,0.5397656666666664,0.46,528,Fold3
2,0.49989300000000036,0.62,531,Fold3
2,0.5821296666666668,0.66,535,Fold3
2,0.4908983333333337,0.59,540,Fold3
2,0.5958456666666667,0.78,543,Fold3
2,0.5324066666666666,0.77,31,Fold2
2,0.607516857142857,0.75,37,Fold2
2,0.4486339999999999,0.81,39,Fold2
2,0.5494923333333338,0.84,40,Fold2
2,0.6007726666666672,0.74,45,Fold2
2,0.6104836666666668,0.76,48,Fold2
2,0.4855229682539689,0.51,74,Fold2
2,0.5453093333333332,0.41,86,Fold2
2,0.6134507777777778,0.43,88,Fold2
2,0.6106373809523805,0.65,93,Fold2
2,0.544472619047619,0.73,96,Fold2
2,0.5199556666666667,0.72,109,Fold2
2,0.490448,0.72,113,Fold2
2,0.6054425555555557,0.36,116,Fold2
2,0.4987226666666665,0.68,125,Fold2
2,0.54585899999999965,0.48,130,Fold2
2,0.6050880000000001,0.7,132,Fold2
2,0.40609433333333333,0.58,137,Fold2
2,0.17361233333333356,0.27,146,Fold2
2,0.18862066666666652,0.17,150,Fold2
2,0.4021719999999996,0.54,154,Fold2
2,0.35357933333333325,0.36,164,Fold2
2,0.28847633333333317,0.11,169,Fold2
2,0.3840136666666667,0.38,172,Fold2
2,0.1545270000000001,0,175,Fold2
2,0.4474709999999998,0.62,180,Fold2
2,0.402077,0.49,183,Fold2
2,0.3755316666666668,0.26,198,Fold2
2,0.41975266666666644,0.33,199,Fold2
2,0.4416570952380949,0.57,209,Fold2
2,0.5474970793650795,0.32,227,Fold2
2,0.4977176190476188,0.46,235,Fold2
2,0.5028593333333328,0.67,239,Fold2
2,0.5276401904761913,0.58,241,Fold2
2,0.5228094285714293,0.68,242,Fold2
2,0.5442242857142856,0.49,245,Fold2
2,0.5311756666666669,0.32,252,Fold2
2,0.5062593333333336,0.6,253,Fold2
2,0.5311756666666669,0.43,257,Fold2
2,0.48373200000000105,0.63,260,Fold2
2,0.670617785714286,0.46,263,Fold2
2,0.489035,0.54,270,Fold2
2,0.5311756666666669,0.53,271,Fold2
2,0.489035,0.39,272,Fold2
2,0.4995333333333338,0.43,279,Fold2
2,0.46546166666666694,0.87,285,Fold2
2,0.5723870000000003,0.62,292,Fold2
2,0.567824333333333,0.58,298,Fold2
2,0.5772246666666669,0.7,299,Fold2
2,0.42644733333333323,0.73,303,Fold2
2,0.4891883333333332,0.38,314,Fold2
2,0.4890216666666671,0.54,318,Fold2
2,0.3815769999999996,0.22,319,Fold2
2,0.4509320000000001,0.24,320,Fold2
2,0.40449500000000005,0.31,831,Fold3
2,0.6192300000000007,0.4,834,Fold3
2,0.4673260476190483,0.35,836,Fold3
2,0.5628963333333334,0.53,839,Fold3
2,0.4562846666666671,0.46,840,Fold3
2,0.4685756666666662,0.46,862,Fold3
2,0.46226820085470127,0.25,867,Fold3
2,0.4508624126984128,0.21,869,Fold3
2,0.5428129999999999,0.62,875,Fold3
2,0.5411034761904762,0.49,881,Fold3
2,0.5588073333333338,0.49,882,Fold3
2,0.4933613333333334,0.55,884,Fold3
2,0.49758616666666666,0.38,887,Fold3
2,0.5019759047619046,0.32,890,Fold3
2,0.4370956666666668,0.45,894,Fold3
2,0.4895943333333331,0.52,896,Fold3
2,0.4107409999999999,0.5,898,Fold3
2,0.5241646666666678,0.64,903,Fold3
2,0.42064009523809526,0.53,907,Fold3
2,0.49913333333333276,0.51,914,Fold3
2,0.4965699999999995,0.71,917,Fold3
2,0.44926733333333324,0.46,920,Fold3
2,0.5210126666666661,0.32,927,Fold3
2,0.43514500000000006,0.43,944,Fold3
2,0.4500153333333328,0.72,952,Fold3
2,0.6362658333333326,0.78,956,Fold3
2,0.6598143333333326,0.71,960,Fold3
2,0.602824666666667,0.79,970,Fold3
2,0.6390506666666661,0.78,974,Fold3
2,0.7860683333333318,0.85,979,Fold3
2,0.7420542380952362,0.85,981,Fold3
2,0.7212049999999984,0.78,982,Fold3
2,0.6890046190476179,0.72,990,Fold3
2,0.7437096666666653,0.7,998,Fold3
2,0.7519503809523792,0.6,1004,Fold3
2,0.7579785714285697,0.58,1005,Fold3
2,0.6632735714285714,0.5,1007,Fold3
2,0.4749804199134195,0.51,1015,Fold3
2,0.4999690000000006,0.51,1017,Fold3
2,0.4722669999999999,0.43,1024,Fold3
2,0.41202609523809486,0.28,1027,Fold3
2,0.5389269999999998,0.28,1029,Fold3
2,0.4999690000000006,0.55,1032,Fold3
2,0.49845267388167364,0.53,1035,Fold3
2,0.4718456666666666,0.46,1037,Fold3
2,0.6613296666666663,0.72,570,Fold2
2,0.6875856666666654,0.78,574,Fold2
2,0.6679833333333324,0.78,575,Fold2
2,0.6764346666666653,0.77,583,Fold2
2,0.5881050000000001,0.78,590,Fold2
2,0.46824466666666653,0.4,591,Fold2
2,0.6349408571428569,0.74,596,Fold2
2,0.4929216666666669,0.4,602,Fold2
2,0.5076993333333334,0.4,603,Fold2
2,0.5117116666666672,0.37,604,Fold2
2,0.4327646666666666,0.46,606,Fold2
2,0.5212880000000001,0.27,609,Fold2
2,0.5957938571428575,0.56,618,Fold2
2,0.5624656666666668,0.55,624,Fold2
2,0.6100009761904761,0.69,626,Fold2
2,0.5209620555555555,0.61,629,Fold2
2,0.5096061666666667,0.23,632,Fold2
2,0.47249066666666656,0.61,638,Fold2
2,0.5779266666666665,0.65,643,Fold2
2,0.5270433333333333,0.54,657,Fold2
2,0.5420879999999992,0.12,658,Fold2
2,0.4354813333333335,0.46,668,Fold2
2,0.4285846666666677,0.23,674,Fold2
2,0.4714503333333331,0.46,677,Fold2
2,0.49493166666666666,0.43,678,Fold2
2,0.4266389999999998,0.46,680,Fold2
2,0.545600333333334,0.55,685,Fold2
2,0.5003926666666663,0.44,702,Fold2
2,0.44960842857142824,0.24,703,Fold2
2,0.5215080000000007,0.49,711,Fold2
2,0.42990104761904807,0.62,713,Fold2
2,0.513523333333334,0.38,715,Fold2
2,0.47023500000000107,0.56,720,Fold2
2,0.49974166666666714,0.73,735,Fold2
2,0.5203099999999999,0.31,742,Fold2
2,0.5870716666666665,0.26,745,Fold2
2,0.5015223333333334,0.55,746,Fold2
2,0.49862966666666675,0.38,747,Fold2
2,0.575888666666667,0.46,748,Fold2
2,0.5790710000000003,0.51,749,Fold2
2,0.5718730000000006,0.56,750,Fold2
2,0.557020079365079,0.19,755,Fold2
2,0.4887239999999996,0.36,756,Fold2
2,0.5556566666666665,0.46,757,Fold2
2,0.468365452380953,0.46,764,Fold2
2,0.5554640000000001,0.45,766,Fold2
2,0.3815936666666663,0.34,771,Fold2
2,0.4787756666666668,0.46,773,Fold2
2,0.5669656666666666,0.32,780,Fold2
2,0.5278823333333335,0.46,782,Fold2
2,0.4266290000000002,0.38,784,Fold2
2,0.5471440000000003,0.54,785,Fold2
2,0.5585973333333331,0.37,786,Fold2
2,0.4953138571428577,0.45,787,Fold2
2,0.48672299999999974,0.32,790,Fold2
2,0.4605737142857148,0.46,792,Fold2
2,0.4900701666666675,0.89,2,Fold4
2,0.5111515714285715,0.85,6,Fold4
2,0.6029739999999996,0.84,17,Fold4
2,0.5100923333333331,0.6,35,Fold4
2,0.6540769999999995,0.77,38,Fold4
2,0.5198963809523807,0.63,42,Fold4
2,0.462608333333334,0.6,43,Fold4
2,0.5345179523809527,0.62,44,Fold4
2,0.528251,0.52,49,Fold4
2,0.5933783333333337,0.55,50,Fold4
2,0.4618426666666668,0.56,52,Fold4
2,0.5620656666666669,0.68,60,Fold4
2,0.5765333333333333,0.57,61,Fold4
2,0.4984953333333333,0.63,70,Fold4
2,0.5459293333333335,0.79,72,Fold4
2,0.4670365173160174,0.18,75,Fold4
2,0.4594474285714288,0.44,76,Fold4
2,0.4950763333333328,0.54,79,Fold4
2,0.5930849523809524,0.73,81,Fold4
2,0.4594474285714288,0.18,83,Fold4
2,0.534409333333334,0.56,101,Fold4
2,0.48571977777777825,0.41,102,Fold4
2,0.49789245238095314,0.67,107,Fold4
2,0.608890999999999,0.72,112,Fold4
2,0.608890999999999,0.87,115,Fold4
2,0.5926053333333327,0.42,120,Fold4
2,0.5466723809523809,0.74,123,Fold4
2,0.5295322857142857,0.4,129,Fold4
2,0.4499396666666666,0.5,135,Fold4
2,0.18406666666666655,0.28,142,Fold4
2,0.39585200000000015,0.48,152,Fold4
2,0.32844299999999976,0.54,153,Fold4
2,0.44531033333333353,0.5,156,Fold4
2,0.3395579999999999,0.38,159,Fold4
2,0.3003613333333334,0,160,Fold4
2,0.390078333333333,0.23,163,Fold4
2,0.46039100000000033,0.72,168,Fold4
2,0.3633866666666666,0.36,176,Fold4
2,0.43560683333333317,0.32,181,Fold4
2,0.4916503333333329,0.43,184,Fold4
2,0.452866166666666,0.47,185,Fold4
2,0.40747733333333336,0.2,188,Fold4
2,0.4569203333333332,0.46,189,Fold4
2,0.21615800000000004,0.03,190,Fold4
2,0.41922466666666575,0.33,196,Fold4
2,0.4135624999999997,0.35,203,Fold4
2,0.39092538095238094,0.54,208,Fold4
2,0.4980340238095236,0.6,219,Fold4
2,0.5013246666666666,0.39,223,Fold4
2,0.5046106666666665,0.42,230,Fold4
2,0.5779890000000005,0.59,255,Fold4
2,0.5601476666666665,0.41,258,Fold4
2,0.5745523333333341,0.57,259,Fold4
2,0.5015288809523806,0.64,266,Fold4
2,0.4725482460317457,0.46,273,Fold4
2,0.5691999999999998,0.52,274,Fold4
2,0.5689366666666661,0.57,275,Fold4
2,0.567390904761904,0.84,278,Fold4
2,0.4965743333333333,0.87,281,Fold4
2,0.5673013333333334,0.82,283,Fold4
2,0.6361506666666669,0.77,287,Fold4
2,0.5690399999999995,0.55,300,Fold4
2,0.3310003333333334,0.58,301,Fold4
2,0.37575133333333294,0.18,304,Fold4
2,0.3305763333333337,0.31,305,Fold4
2,0.4148960000000002,0.46,312,Fold4
2,0.49253099999999966,0.46,313,Fold4
2,0.49304033333333286,0.43,317,Fold4
2,0.4944326666666659,0.13,321,Fold4
2,0.546367,0.65,328,Fold4
2,0.5861750000000002,0.72,334,Fold4
2,0.5218299999999999,0.68,336,Fold4
2,0.5251646666666668,0.4,340,Fold4
2,0.4507253333333334,0.68,347,Fold4
2,0.5094403333333345,0.51,351,Fold4
2,0.5199763333333332,0.32,357,Fold4
2,0.5106256666666669,0.22,361,Fold4
2,0.37935666666666634,0.44,368,Fold4
2,0.5266766666666662,0.4,375,Fold4
2,0.5585043333333337,0.49,378,Fold4
2,0.4269633333333333,0.47,385,Fold4
2,0.5574769999999999,0.46,386,Fold4
2,0.4505823333333329,0.5,388,Fold4
2,0.5186483333333327,0.25,389,Fold4
2,0.4922466666666665,0.42,391,Fold4
2,0.5149383333333325,0.44,395,Fold4
2,0.551124761904762,0.33,396,Fold4
2,0.4893158095238099,0.53,403,Fold4
2,0.4535653333333332,0.72,404,Fold4
2,0.5264155238095234,0.3,407,Fold4
2,0.49837895238095253,0.49,408,Fold4
2,0.5767963333333331,0.47,410,Fold4
2,0.5484980000000004,0.45,414,Fold4
2,0.39905461904761963,0.34,420,Fold4
2,0.5914253333333334,0.71,432,Fold4
2,0.5413803333333338,0.5,434,Fold4
2,0.542774,0.59,435,Fold4
2,0.5511950000000007,0.78,438,Fold4
2,0.4767986666666664,0.54,443,Fold4
2,0.5242616666666665,0.75,446,Fold4
2,0.5242616666666665,0.62,458,Fold4
2,0.6582723333333323,0.7,463,Fold4
2,0.7119089999999973,0.7,466,Fold4
2,0.6201753333333327,0.74,467,Fold4
2,0.5004454999999999,0.67,474,Fold4
2,0.44004166666666655,0.33,476,Fold4
2,0.6082303333333334,0.61,489,Fold4
2,0.5476371904761898,0.26,492,Fold4
2,0.6129304444444441,0.8,41,Fold3
2,0.5383410476190478,0.54,53,Fold3
2,0.5615971111111114,0.6,55,Fold3
2,0.5278020000000007,0.49,56,Fold3
2,0.5061081904761908,0.65,58,Fold3
2,0.4964151428571435,0.27,62,Fold3
2,0.5327518095238103,0.77,63,Fold3
2,0.5944440000000006,0.49,69,Fold3
2,0.5259983333333341,0.24,73,Fold3
2,0.534361333333333,0.51,78,Fold3
2,0.5658493333333331,0.65,82,Fold3
2,0.6107399999999995,0.69,85,Fold3
2,0.5569609999999999,0.57,87,Fold3
2,0.5328700000000004,0.39,89,Fold3
2,0.549828,0.36,92,Fold3
2,0.506486,0.82,108,Fold3
2,0.5689288205128207,0.74,111,Fold3
2,0.5606156666666667,0.41,122,Fold3
2,0.5493383333333337,0.44,124,Fold3
2,0.48911199999999977,0.74,127,Fold3
2,0.5100753333333338,0.63,134,Fold3
2,0.46426466666666716,0.57,138,Fold3
2,0.1497026666666665,0.28,151,Fold3
2,0.33151366666666676,0.03,161,Fold3
2,0.4155093809523814,0.35,167,Fold3
2,0.4319003333333333,0.35,192,Fold3
2,0.1184026666666667,0.21,194,Fold3
2,0.43458666666666634,0.49,197,Fold3
2,0.46520633333333294,0.41,204,Fold3
2,0.4674133333333338,0.19,205,Fold3
2,0.46111233333333307,0.44,206,Fold3
2,0.4080229999999999,0.46,212,Fold3
2,0.48110833333333275,0.48,213,Fold3
2,0.47828133333333317,0.63,214,Fold3
2,0.5493329999999997,0.4,216,Fold3
2,0.5384919999999999,0.55,229,Fold3
2,0.5459196666666674,0.59,234,Fold3
2,0.612343333333334,0.69,237,Fold3
2,0.5331480000000005,0.72,248,Fold3
2,0.5233853333333337,0.79,262,Fold3
2,0.5552976666666669,0.49,264,Fold3
2,0.5304775311355314,0.6,268,Fold3
2,0.49771985714285766,0.82,276,Fold3
2,0.5713980000000001,0.75,280,Fold3
2,0.5507011428571426,0.73,282,Fold3
2,0.5700570000000006,0.76,284,Fold3
2,0.7153063333333335,0.83,289,Fold3
2,0.6132916666666669,0.55,293,Fold3
2,0.36285066666666665,0.6,307,Fold3
2,0.5048146666666667,0.38,308,Fold3
2,0.38868400000000036,0.54,309,Fold3
2,0.39507633333333336,0.35,311,Fold3
2,0.39702100000000035,0.13,322,Fold3
2,0.5532913333333329,0.72,335,Fold3
2,0.5928146666666669,0.23,819,Fold4
2,0.5064126666666665,0,822,Fold4
2,0.45640100000000017,0.4,826,Fold4
2,0.5149949523809522,0.45,830,Fold4
2,0.5125416666666668,0.2,832,Fold4
2,0.515241666666667,0.19,833,Fold4
2,0.5443233333333334,0.32,843,Fold4
2,0.624763,0.39,844,Fold4
2,0.4635526666666667,0.54,846,Fold4
2,0.444208666666666,0.14,854,Fold4
2,0.5083423333333338,0.36,860,Fold4
2,0.41241299999999936,0.44,861,Fold4
2,0.4596760000000001,0.03,864,Fold4
2,0.41732233333333346,0.33,865,Fold4
2,0.44188114285714303,0.43,868,Fold4
2,0.39174899999999985,0.46,873,Fold4
2,0.4245080000000003,0.4,906,Fold4
2,0.5754666666666672,0.71,909,Fold4
2,0.4889032857142853,0.5,915,Fold4
2,0.42563866666666644,0.38,916,Fold4
2,0.4848319523809519,0.57,929,Fold4
2,0.5756336666666665,0.5,932,Fold4
2,0.396849,0.78,942,Fold4
2,0.43882933333333335,0.78,943,Fold4
2,0.5111920000000005,0.73,948,Fold4
2,0.4727666666666665,0.58,953,Fold4
2,0.5649543412698409,0.78,954,Fold4
2,0.6750443333333334,0.69,959,Fold4
2,0.6759663333333337,0.78,961,Fold4
2,0.6268413333333327,0.76,967,Fold4
2,0.6445659999999989,0.75,973,Fold4
2,0.6764126666666666,0.77,989,Fold4
2,0.5677569999999997,0.7,992,Fold4
2,0.7976313333333314,0.86,994,Fold4
2,0.7540273333333325,0.89,995,Fold4
2,0.7270709999999988,0.89,996,Fold4
2,0.55246,0.57,1001,Fold4
2,0.7681963333333315,0.63,1002,Fold4
2,0.4975873333333326,0.56,1008,Fold4
2,0.5152318571428567,0.47,1009,Fold4
2,0.5206756666666669,0.58,1012,Fold4
2,0.4711483333333335,0.5,1013,Fold4
2,0.4551576666666669,0.5,1022,Fold4
2,0.45015500000000025,0.5,1023,Fold4
2,0.4513276666666667,0.41,1038,Fold4
2,0.49219809523809505,0.31,1039,Fold4
2,0.5563893333333335,0.69,1041,Fold4
2,0.7171333333333348,0.78,544,Fold3
2,0.5881176031746029,0.44,546,Fold3
2,0.6977080000000008,0.4,556,Fold3
2,0.5451994285714293,0.5,559,Fold3
2,0.43961933333333303,0.59,561,Fold3
2,0.52093866666666655,0.39,562,Fold3
2,0.49195685714285736,0.43,564,Fold3
2,0.5046427142857144,0.78,565,Fold3
2,0.4841418571428571,0.5,573,Fold3
2,0.6379464761904751,0.89,580,Fold3
2,0.6479604761904758,0.74,586,Fold3
2,0.46243233333333317,0.46,610,Fold3
2,0.4481393333333331,0.44,612,Fold3
2,0.5180279999999998,0.65,616,Fold3
2,0.5384289682539681,0.62,620,Fold3
2,0.5180279999999998,0.56,627,Fold3
2,0.5091980000000002,0.62,628,Fold3
2,0.5772500952380953,0.65,630,Fold3
2,0.614208666666667,0.58,639,Fold3
2,0.44387766666666684,0.46,666,Fold3
2,0.4723150000000004,0.74,667,Fold3
2,0.417700666666666,0.21,671,Fold3
2,0.49218914285714305,0.35,679,Fold3
2,0.5479633333333347,0.52,687,Fold3
2,0.5438005555555558,0.32,691,Fold3
2,0.528344333333333,0.37,692,Fold3
2,0.5159982222222218,0.58,693,Fold3
2,0.5159982222222218,0.26,694,Fold3
2,0.49758733333333427,0.54,695,Fold3
2,0.6273709999999999,0.5,699,Fold3
2,0.5674436666666658,0.33,705,Fold3
2,0.5408936666666668,0.3,712,Fold3
2,0.49781066666666623,0.43,716,Fold3
2,0.5460519523809525,0.49,721,Fold3
2,0.5335329047619053,0.28,724,Fold3
2,0.5266590000000003,0.58,725,Fold3
2,0.5158929285714281,0.36,729,Fold3
2,0.46835066666666647,0.62,731,Fold3
2,0.47393366666666636,0.49,734,Fold3
2,0.49513633333333285,0.32,738,Fold3
2,0.4658566666666666,0.59,740,Fold3
2,0.531136380952381,0.44,753,Fold3
2,0.46207933333333295,0.38,754,Fold3
2,0.4626183333333333,0.46,762,Fold3
2,0.5273781428571429,0.46,767,Fold3
2,0.5597404126984126,0.39,774,Fold3
2,0.5936730000000003,0.39,777,Fold3
2,0.5042596666666666,0.43,796,Fold3
2,0.5153373333333329,0.29,804,Fold3
2,0.5004496666666666,0.4,811,Fold3
2,0.5169185714285714,0.32,813,Fold3
2,0.4452723333333331,0.46,817,Fold3
2,0.5573743333333329,0.46,820,Fold3
2,0.5184323333333332,0.46,821,Fold3
2,0.5318563333333334,0.8,8,Fold5
2,0.48232433333333297,0.71,15,Fold5
2,0.537928333333333,0.77,16,Fold5
2,0.5865485000000007,0.8,18,Fold5
2,0.6033540000000004,0.82,34,Fold5
2,0.531520666666667,0.77,46,Fold5
2,0.5417130000000003,0.59,51,Fold5
2,0.5229626666666671,0.52,54,Fold5
2,0.49523380952381,0.56,68,Fold5
2,0.4225400000000008,0.56,77,Fold5
2,0.5465866666666668,0.67,84,Fold5
2,0.5471353333333339,0.52,90,Fold5
2,0.4676152380952389,0.66,95,Fold5
2,0.6552123333333331,0.61,98,Fold5
2,0.5543116666666663,0.65,100,Fold5
2,0.6232849411764707,0.77,110,Fold5
2,0.5169875454545456,0.74,118,Fold5
2,0.5780689999999997,0.78,119,Fold5
2,0.5397610000000002,0.67,133,Fold5
2,0.4616369523809522,0.3,139,Fold5
2,0.42907961904761877,0.41,140,Fold5
2,0.3966846666666662,0.42,143,Fold5
2,0.2536116666666668,0,149,Fold5
2,0.34826238095238143,0.35,155,Fold5
2,0.25024233333333334,0.48,157,Fold5
2,0.4728850000000002,0.41,166,Fold5
2,0.39874266666666663,0.39,170,Fold5
2,0.44851533333333315,0.55,171,Fold5
2,0.41394133333333355,0.4,173,Fold5
2,0.14741519047619045,0.24,174,Fold5
2,0.5171484999999993,0.33,178,Fold5
2,0.4274833333333331,0.33,187,Fold5
2,0.38518699999999956,0.43,200,Fold5
2,0.4504649999999997,0.38,207,Fold5
2,0.46994699999999995,0.49,210,Fold5
2,0.48929847619047606,0.49,211,Fold5
2,0.5114773333333337,0.51,215,Fold5
2,0.5065289999999995,0.68,218,Fold5
2,0.5056360000000001,0.54,220,Fold5
2,0.4594889999999998,0.56,222,Fold5
2,0.5267333333333333,0.41,226,Fold5
2,0.5934413333333329,0.68,238,Fold5
2,0.46937833333333306,0.42,243,Fold5
2,0.5461573333333335,0.5,244,Fold5
2,0.5820363809523807,0.46,254,Fold5
2,0.5839316190476185,0.65,256,Fold5
2,0.5179479999999999,0.72,261,Fold5
2,0.4939132121212125,0.77,265,Fold5
2,0.44686100721500716,0.56,269,Fold5
2,0.6199723333333328,0.4,277,Fold5
2,0.5166633333333338,0.74,288,Fold5
2,0.4962093333333333,0.69,291,Fold5
2,0.6323139999999998,0.41,294,Fold5
2,0.5610390000000001,0.28,297,Fold5
2,0.4569296666666673,0,302,Fold5
2,0.4268703333333328,0.54,306,Fold5
2,0.4594889999999996,0.21,315,Fold5
2,0.3942783333333331,0.32,324,Fold5
2,0.5473478333333338,0.54,325,Fold5
2,0.6835066666666664,0.16,330,Fold5
2,0.4957350000000013,0.76,331,Fold5
2,0.5456726666666669,0.53,346,Fold5
2,0.5645276666666664,0.33,348,Fold5
2,0.4195890000000004,0.4,358,Fold5
2,0.46255966666666704,0.3,359,Fold5
2,0.655215,0.41,373,Fold5
2,0.5140579523809519,0.45,382,Fold5
2,0.4835548571428567,0.64,390,Fold5
2,0.5016430000000004,0.5,401,Fold5
2,0.5297413333333334,0.22,405,Fold5
2,0.5454856666666668,0.54,409,Fold5
2,0.470507666666667,0.54,411,Fold5
2,0.43819100000000044,0.16,419,Fold5
2,0.49066566666666706,0.47,425,Fold5
2,0.6428276666666658,0.61,428,Fold5
2,0.5183827142857149,0.77,429,Fold5
2,0.547207333333333,0.73,437,Fold5
2,0.5441390000000003,0.5,454,Fold5
2,0.6387403333333331,0.78,460,Fold5
2,0.5274980000000004,0.44,470,Fold5
2,0.4083076666666674,0.74,472,Fold5
2,0.47063215262515257,0.59,477,Fold5
2,0.565904928571428,0.5,478,Fold5
2,0.5855230476190474,0.59,480,Fold5
2,0.5855230476190474,0.67,485,Fold5
2,0.5131953333333337,0.72,500,Fold5
2,0.4750400000000005,0.56,505,Fold5
2,0.48906614285714284,0.66,511,Fold5
2,0.5648049999999999,0.48,513,Fold5
2,0.603881666666667,0.33,514,Fold5
2,0.5263453333333327,0.45,516,Fold5
2,0.46317933333333355,0.66,520,Fold5
2,0.5024233333333339,0.62,523,Fold5
2,0.5374683333333335,0.67,524,Fold5
2,0.5084536666666669,0.26,525,Fold5
2,0.43384983333333355,0.6,527,Fold5
2,0.502837878787879,0.56,534,Fold5
2,0.6830226666666651,0.77,536,Fold5
2,0.48453983333333356,0.65,539,Fold5
2,0.49677866666666676,0.58,541,Fold5
2,0.5169266666666675,0.78,545,Fold5
2,0.5024939999999996,0.67,552,Fold5
2,0.5067901428571431,0.48,558,Fold5
2,0.7149696666666645,0.67,566,Fold5
2,0.6384200000000001,0.64,572,Fold5
2,0.5998218571428571,0.56,578,Fold5
2,0.5518375238095237,0.73,585,Fold5
2,0.6902633333333317,0.77,588,Fold5
2,0.6829103333333321,0.78,593,Fold5
2,0.691935714285714,0.86,599,Fold5
2,0.4493913333333337,0.37,608,Fold5
2,0.4669870000000011,0.46,611,Fold5
2,0.5826864761904763,0.52,613,Fold5
2,0.5847837983193277,0.5,615,Fold5
2,0.5684987716727725,0.43,619,Fold5
2,0.5525801428571429,0.78,623,Fold5
2,0.592724496732027,0.69,625,Fold5
2,0.5714603333333338,0.42,642,Fold5
2,0.6150570000000001,0.58,645,Fold5
2,0.7039936666666661,0.6,650,Fold5
2,0.43242933333333355,0.44,651,Fold5
2,0.4545393333333334,0.49,655,Fold5
2,0.4956458333333331,0.57,656,Fold5
2,0.5151990000000005,0.19,663,Fold5
2,0.5553718888888897,0.19,664,Fold5
2,0.4889600000000005,0.49,669,Fold5
2,0.47393366666666675,0.48,672,Fold5
2,0.43985633333333307,0.45,681,Fold5
2,0.5560496666666674,0.26,682,Fold5
2,0.5345696666666666,0.31,683,Fold5
2,0.5942001111111108,0.39,696,Fold5
2,0.4668889999999992,0.34,697,Fold5
2,0.4282426666666665,0.25,698,Fold5
2,0.4061403333333345,0.7,710,Fold5
2,0.4486769999999995,0.63,717,Fold5
2,0.5201789999999993,0.5,722,Fold5
2,0.5175519999999996,0.32,733,Fold5
2,0.5071900000000001,0.2,736,Fold5
2,0.516930666666667,0.48,743,Fold5
2,0.5556759999999991,0.53,744,Fold5
2,0.562818833333334,0.62,751,Fold5
2,0.5525770000000011,0.46,768,Fold5
2,0.5471010000000003,0.42,769,Fold5
2,0.49897354761904733,0.46,772,Fold5
2,0.49664288095238085,0.46,778,Fold5
2,0.4726370865800872,0.43,783,Fold5
2,0.47960041991341995,0.46,789,Fold5
2,0.47008680952381016,0.46,798,Fold5
2,0.4900143333333333,0.35,800,Fold5
2,0.4997796666666669,0.46,803,Fold5
2,0.5247995238095239,0.46,806,Fold5
2,0.5484823333333331,0.02,809,Fold5
2,0.46709299999999965,0.37,815,Fold5
2,0.48473900000000014,0.46,816,Fold5
2,0.5045513333333334,0,823,Fold5
2,0.45843273809523843,0.46,824,Fold5
2,0.42891780952380926,0.38,825,Fold5
2,0.40042000000000083,0.54,837,Fold5
2,0.49927866666666715,0.08,848,Fold5
2,0.40578079653679583,0.46,849,Fold5
2,0.45999233333333306,0.31,855,Fold5
2,0.5721766666666669,0.42,857,Fold5
2,0.417348,0.29,859,Fold5
2,0.5905819999999995,0.36,866,Fold5
2,0.4934346666666663,0.29,871,Fold5
2,0.474836333333333,0.57,878,Fold5
2,0.41799980952380983,0.32,879,Fold5
2,0.4807078095238095,0.38,880,Fold5
2,0.4018523333333333,0.52,886,Fold5
2,0.46231633333333233,0.52,891,Fold5
2,0.5204836666666665,0.64,893,Fold5
2,0.4709813333333334,0.48,895,Fold5
2,0.5159830000000002,0.54,904,Fold5
2,0.40696799999999994,0.29,905,Fold5
2,0.5446559999999997,0.55,911,Fold5
2,0.5974521904761905,0.57,912,Fold5
2,0.4298994761904762,0.45,918,Fold5
2,0.5047819999999998,0.46,921,Fold5
2,0.4030723333333333,0.42,922,Fold5
2,0.5872756666666671,0.54,926,Fold5
2,0.44917199999999985,0.61,928,Fold5
2,0.612757333333334,0.26,933,Fold5
2,0.5240153333333335,0.26,934,Fold5
2,0.5880700000000003,0.49,938,Fold5
2,0.5286459999999998,0.18,939,Fold5
2,0.39764466666666665,0.41,940,Fold5
2,0.6454679999999999,0.53,941,Fold5
2,0.39764466666666665,0.63,946,Fold5
2,0.4326420000000002,0.75,947,Fold5
2,0.40336333333333346,0.7,951,Fold5
2,0.6572923015873015,0.78,955,Fold5
2,0.6766459999999991,0.78,957,Fold5
2,0.5565533333333333,0.76,962,Fold5
2,0.6365776190476199,0.71,966,Fold5
2,0.5194511428571424,0.78,971,Fold5
2,0.6703896666666659,0.92,977,Fold5
2,0.6551930000000002,0.78,986,Fold5
2,0.7804263333333323,0.78,987,Fold5
2,0.7539156666666663,0.75,991,Fold5
2,0.7703759999999993,0.78,993,Fold5
2,0.5251676666666673,0.5,1010,Fold5
2,0.47814966666666714,0.38,1014,Fold5
2,0.48159833333333324,0.44,1018,Fold5
2,0.48597000000000046,0.5,1021,Fold5
2,0.4821389523809523,0.51,1028,Fold5
2,0.4889112857142855,0.38,1031,Fold5
2,0.48164133333333375,0.62,1034,Fold5
2,0.5945139999999997,0.72,1044,Fold5
2,0.44426233333333354,0.65,1045,Fold5
2,0.5978883333333322,0.12,495,Fold4
2,0.617929333333333,0.68,506,Fold4
2,0.5295029307359301,0.68,512,Fold4
2,0.5413583333333327,0.41,515,Fold4
2,0.5647970000000001,0.73,519,Fold4
2,0.6021801666666667,0.59,550,Fold4
2,0.5040396666666668,0.78,563,Fold4
2,0.6856025000000001,0.56,568,Fold4
2,0.6405533333333318,0.62,569,Fold4
2,0.7093376666666643,0.67,582,Fold4
2,0.46813147619047657,0.42,592,Fold4
2,0.6446240000000006,0.65,594,Fold4
2,0.6669813333333328,0.77,597,Fold4
2,0.7091576666666649,0.7,600,Fold4
2,0.5002796926406929,0.45,605,Fold4
2,0.4555666666666671,0.46,607,Fold4
2,0.6092573333333335,0.64,622,Fold4
2,0.5028526666666663,0.56,631,Fold4
2,0.5488305238095246,0.48,633,Fold4
2,0.4469797619047617,0.22,635,Fold4
2,0.5549246666666664,0.49,644,Fold4
2,0.568441166666667,0.59,648,Fold4
2,0.5938743333333332,0.65,649,Fold4
2,0.5291766666666656,0.35,652,Fold4
2,0.5848804761904762,0.47,659,Fold4
2,0.5144902380952383,0.44,660,Fold4
2,0.4959876190476188,0.57,662,Fold4
2,0.46972016666666716,0.46,665,Fold4
2,0.45526133333333285,0.57,670,Fold4
2,0.48699399999999987,0.26,673,Fold4
2,0.5368106666666661,0.55,686,Fold4
2,0.4534325714285717,0.32,688,Fold4
2,0.7094786666666663,0.5,701,Fold4
2,0.49925100000000017,0.69,708,Fold4
2,0.4938443333333323,0.9,714,Fold4
2,0.47533866666666713,0.64,718,Fold4
2,0.5736789047619045,0.57,719,Fold4
2,0.5121386666666672,0.61,727,Fold4
2,0.4735673333333329,0.54,728,Fold4
2,0.4626129999999998,0.46,732,Fold4
2,0.5260490000000007,0.57,737,Fold4
2,0.4949659523809528,0.5,741,Fold4
2,0.5074037142857146,0.13,759,Fold4
2,0.4527882380952384,0.39,760,Fold4
2,0.5465633333333323,0.46,761,Fold4
2,0.5769143333333335,0.17,770,Fold4
2,0.5366983333333336,0.52,779,Fold4
2,0.4844186666666673,0.34,781,Fold4
2,0.6246826666666665,0.52,793,Fold4
2,0.47113166666666695,0.37,794,Fold4
2,0.47551566666666756,0.37,797,Fold4
2,0.47916733333333306,0.44,801,Fold4
2,0.5260686666666665,0.46,808,Fold4
2,0.4671343333333332,0.37,814,Fold4
